{
  "r2": 0.6560883556730088,
  "mse": 0.001498343576005719,
  "mae": 0.030275494271745463,
  "train_time_s": 0.0010756999836303294
}