{
  "r2": 0.5080831796412397,
  "mse": 0.002143167932438225,
  "mae": 0.035899539517688754,
  "train_time_s": 0.0008385999972233549
}