{
  "r2": 0.5080831796412355,
  "mse": 0.0021431679324382434,
  "mae": 0.035899539517688185,
  "train_time_s": 0.0033074170000000347
}